"student_id","tutor_id","rating","review_text","review_date"
"67","79","5","Good but sessions sometimes run short.","2024-10-31"
"31","74","3","Average experience, nothing exceptional.","2025-02-04"
"43","58","4","My child's confidence has greatly improved.","2025-03-01"
"18","75","4","My child's confidence has greatly improved.","2024-06-10"
"40","68","5","Thorough coverage of syllabus topics.","2025-04-30"
"19","73","5","Below expectations, concepts not explained clearly.","2024-05-05"
"72","69","5","Highly recommended for board exam preparation.","2024-07-04"
"41","19","5","Below expectations, concepts not explained clearly.","2024-10-29"
"53","39","4","Satisfactory performance, could improve punctuality.","2024-06-17"
"100","25","2","Very helpful and supportive throughout the sessions.","2024-04-14"
"98","79","4","Good but sessions sometimes run short.","2025-01-31"
"30","30","4","Outstanding teaching skills and dedication.","2024-05-11"
"89","62","2","","2025-03-31"
"84","48","3","Friendly and approachable, great for kids.","2024-12-08"
"61","18","3","Good but sessions sometimes run short.","2024-04-17"
"53","2","5","Thorough coverage of syllabus topics.","2024-07-23"
"96","26","5","Very professional and punctual.","2024-06-30"
"57","79","4","Below expectations, concepts not explained clearly.","2024-11-21"
"32","55","4","Good teaching method, my grades improved significantly.","2025-02-06"
"95","49","5","Friendly and approachable, great for kids.","2025-02-08"
"96","74","4","Good teaching method, my grades improved significantly.","2024-12-23"
"14","58","4","Good teaching method, my grades improved significantly.","2024-08-04"
"67","69","4","Good teaching method, my grades improved significantly.","2025-01-11"
"50","67","5","Good teaching method, my grades improved significantly.","2024-07-07"
"38","57","4","Average experience, nothing exceptional.","2024-08-25"
"60","22","4","Good teaching method, my grades improved significantly.","2025-03-20"
"67","19","4","Very knowledgeable and passionate about the subject.","2024-05-17"
"93","65","2","The tutor explains concepts clearly and simply.","2024-10-19"
"53","42","4","Very helpful and supportive throughout the sessions.","2024-11-19"
"76","26","5","Very professional and punctual.","2024-08-07"
"42","21","5","Highly recommended for board exam preparation.","2024-05-17"
"15","58","4","Very professional and punctual.","2024-12-25"
"91","50","5","Very helpful and supportive throughout the sessions.","2024-10-11"
"71","49","1","Very helpful and supportive throughout the sessions.","2024-09-19"
"73","20","3","The tutor explains concepts clearly and simply.","2024-07-01"
"99","7","4","Average experience, nothing exceptional.","2025-04-09"
"99","58","3","Very helpful and supportive throughout the sessions.","2024-05-31"
"17","26","1","Satisfactory performance, could improve punctuality.","2024-04-07"
"59","64","5","Excellent tutor, very patient and knowledgeable.","2025-02-06"
"64","31","3","","2024-11-19"
"53","57","2","Excellent tutor, very patient and knowledgeable.","2024-08-04"
"71","36","4","My child's confidence has greatly improved.","2024-04-26"
"24","19","2","Outstanding teaching skills and dedication.","2024-04-19"
"19","5","4","Average experience, nothing exceptional.","2024-09-17"
"12","7","2","Very helpful and supportive throughout the sessions.","2024-06-22"
"87","37","4","Very helpful and supportive throughout the sessions.","2024-11-20"
"96","75","4","Good teaching method, my grades improved significantly.","2024-05-18"
"99","39","3","Friendly and approachable, great for kids.","2024-05-05"
"98","55","5","Very professional and punctual.","2024-08-28"
"16","36","3","Thorough coverage of syllabus topics.","2024-12-25"
"27","27","4","Highly recommended for board exam preparation.","2025-01-18"
"94","68","5","","2025-04-06"
"89","78","5","Average experience, nothing exceptional.","2024-11-05"
"78","41","3","Outstanding teaching skills and dedication.","2024-06-06"
"79","73","4","","2024-12-09"
"24","79","3","Average experience, nothing exceptional.","2024-07-09"
"1","16","1","Highly recommended for board exam preparation.","2025-04-13"
"27","79","5","Thorough coverage of syllabus topics.","2024-04-24"
"43","45","4","My child's confidence has greatly improved.","2024-04-06"
"82","26","4","Satisfactory performance, could improve punctuality.","2024-05-05"
"40","39","4","Below expectations, concepts not explained clearly.","2025-04-28"
"1","15","4","Below expectations, concepts not explained clearly.","2024-10-20"
"93","73","4","Excellent tutor, very patient and knowledgeable.","2024-06-29"
"25","43","5","","2024-11-29"
"5","18","4","Very knowledgeable and passionate about the subject.","2024-12-31"
"43","60","5","Thorough coverage of syllabus topics.","2025-04-16"
"8","67","3","Below expectations, concepts not explained clearly.","2025-01-10"
"69","3","3","Below expectations, concepts not explained clearly.","2024-09-29"
"9","20","3","Excellent tutor, very patient and knowledgeable.","2024-09-21"
"49","69","5","Friendly and approachable, great for kids.","2024-07-05"
"77","15","5","Average experience, nothing exceptional.","2025-03-28"
"41","5","3","Very professional and punctual.","2024-12-11"
"31","48","4","Average experience, nothing exceptional.","2024-07-20"
"68","39","3","Outstanding teaching skills and dedication.","2024-04-20"
"100","26","5","Very knowledgeable and passionate about the subject.","2024-12-16"
"4","62","5","The tutor explains concepts clearly and simply.","2024-07-07"
"44","62","5","Average experience, nothing exceptional.","2024-09-15"
"19","13","5","The tutor explains concepts clearly and simply.","2024-07-15"
"93","5","4","Highly recommended for board exam preparation.","2024-04-03"
"40","6","4","Very professional and punctual.","2024-09-18"
"60","6","2","Average experience, nothing exceptional.","2024-04-12"
"74","40","4","My child's confidence has greatly improved.","2024-09-12"
"26","25","3","Below expectations, concepts not explained clearly.","2024-11-12"
"86","16","3","Very helpful and supportive throughout the sessions.","2024-08-19"
"15","2","5","Highly recommended for board exam preparation.","2024-07-15"
"70","45","4","Satisfactory performance, could improve punctuality.","2024-06-12"
"91","37","4","Very helpful and supportive throughout the sessions.","2024-05-07"
"40","79","5","Very knowledgeable and passionate about the subject.","2024-04-26"
"17","4","4","Good teaching method, my grades improved significantly.","2024-05-25"
"50","7","2","Friendly and approachable, great for kids.","2024-07-01"
