"full_name","grade_level","area","phone","email","created_at"
"Maham Qureshi","Grade 9","Dalazak Road","0331-3919694","muhammad.zafar4507@yahoo.com","2024-11-11 00:00:00"
"Noor Javed","Grade 6","Tehkal","0312-4526280","hassan.zafar1680@gmail.com","2024-08-08 00:00:00"
"Bushra Ansari","Matric","Peshawar Cantt","0311-9576076","aisha.khan1536@yahoo.com","2024-08-30 00:00:00"
"Rehan Ali","Grade 10","Pajagi Road","0321-2566777","junaid.sheikh435@yahoo.com","2025-02-23 00:00:00"
"Rehan Akhtar","Grade 9","Nauthia","0311-3472189","maryam.ansari9655@hotmail.com","2024-01-13 00:00:00"
"Zubair Farooq","FSc","Faqirabad","0301-8640615","qasim.saleem2616@outlook.com","2024-07-31 00:00:00"
"Zain Nasir","A-Level","Kohat Road","0331-5093379","rabia.qureshi3528@hotmail.com","2024-03-16 00:00:00"
"Omer Mehmood","Grade 7","Nauthia","0331-4671545","ali.hashmi1585@hotmail.com","2024-03-31 00:00:00"
"Aisha Javed","Grade 9","Shahi Bagh","0301-8658158","zainab.shah712@outlook.com","2024-03-09 00:00:00"
"Sobia Abbasi","Inter","Charsadda Road","0321-8425149","taha.hashmi1292@hotmail.com","2024-11-09 00:00:00"
"Anum Latif","Inter","Kohat Road","0303-8963715","hafsa.siddiqui1140@gmail.com","2024-08-18 00:00:00"
"Tooba Baig","FA","Tehkal","0345-9130188","qasim.akhtar1308@yahoo.com","2024-11-16 00:00:00"
"Tariq Ansari","Grade 7","Chamkani","0312-4934149","asif.shah7429@hotmail.com","2024-05-19 00:00:00"
"Uzma Aslam","Inter","University Town","0303-3530518","imran.mirza3433@hotmail.com","2024-04-28 00:00:00"
"Rida Qureshi","Grade 9","University Town","0331-7838382","adnan.hussain2804@yahoo.com","2024-06-18 00:00:00"
"Aleena Ahmed","Grade 9","Faqirabad","0331-7534336","fahad.hashmi4423@yahoo.com","2025-04-08 00:00:00"
"Saad Aslam","FSc","Dalazak Road","0333-1098919","anum.mehmood917@yahoo.com","2025-04-27 00:00:00"
"Sumera Mehmood","A-Level","Faqirabad","0331-4700025","arslaan.butt6573@hotmail.com","2024-09-06 00:00:00"
"Tariq Rizvi","Matric","Hayatabad","0331-6639317","bilal.latif9293@hotmail.com","2024-12-08 00:00:00"
"Mehwish Chaudhry","Matric","Shahi Bagh","0303-9961107","noman.farooq6483@outlook.com","2024-01-14 00:00:00"
"Hafsa Rana","FA","Hayatabad","0301-8190929","tariq.qureshi4041@hotmail.com","2024-03-10 00:00:00"
"Hina Ahmed","Grade 10","Dalazak Road","0321-4551070","shazia.rana6544@hotmail.com","2024-08-20 00:00:00"
"Uzma Mehmood","A-Level","Tehkal","0331-5232413","hassan.abbasi8086@gmail.com","2025-03-03 00:00:00"
"Omar Khan","Inter","Hayatabad","0321-4761823","saad.malik2505@yahoo.com","2024-11-28 00:00:00"
"Qasim Hussain","Grade 6","Nauthia","0300-5148725","zainab.ali6305@outlook.com","2024-04-12 00:00:00"
"Adnan Qureshi","Grade 9","Saddar","0333-2919136","sidra.shah9065@gmail.com","2024-10-15 00:00:00"
"Fahad Nasir","Grade 10","Nauthia","0321-3815034","rehan.aslam8798@hotmail.com","2024-11-06 00:00:00"
"Qasim Gul","Grade 8","Tehkal","0301-1430812","nadia.akhtar7124@yahoo.com","2025-04-20 00:00:00"
"Hafsa Nawaz","A-Level","Dalazak Road","0311-2275009","fatima.zafar4316@yahoo.com","2024-10-30 00:00:00"
"Usman Nasir","Grade 10","Faqirabad","0301-1689025","saad.hussain4890@yahoo.com","2024-06-26 00:00:00"
"Sobia Mirza","Grade 7","Pajagi Road","0321-1212267","imran.mehmood2647@gmail.com","2025-03-10 00:00:00"
"Anum Farooq","Grade 7","Dalazak Road","0321-8713146","iqra.khan1833@hotmail.com","2024-12-28 00:00:00"
"Raza Chaudhry","Inter","Peshawar Cantt","0312-9111742","maryam.ahmed3947@gmail.com","2024-08-26 00:00:00"
"Anum Zafar","FSc","Tehkal","0321-5118725","faisal.farooq1134@yahoo.com","2025-03-01 00:00:00"
"Tariq Aslam","Matric","Gulbahar","0333-7358385","rehan.farooq9008@yahoo.com","2024-06-21 00:00:00"
"Omar Rehman","O-Level","Saddar","0333-4558780","sidra.rehman9939@outlook.com","2024-06-30 00:00:00"
"Uzma Shah","FSc","Chamkani","0312-1170307","taha.javed3296@hotmail.com","2024-09-21 00:00:00"
"Ali Baig","A-Level","Kohat Road","0345-5031966","sobia.hussain6119@outlook.com","2024-12-19 00:00:00"
"Laila Nasir","Matric","Kohat Road","0300-2561176","nadia.baig3682@gmail.com","2024-05-30 00:00:00"
"Asif Nasir","Grade 9","Tehkal","0321-8939993","fatima.rana9076@yahoo.com","2024-10-10 00:00:00"
"Aleena Zafar","Inter","Warsak Road","0321-8612582","muhammad.ali965@yahoo.com","2024-05-18 00:00:00"
"Rabia Baig","Grade 7","Chamkani","0311-6294016","omer.ahmed5414@gmail.com","2024-03-02 00:00:00"
"Bilal Siddiqui","Matric","Tehkal","0345-5747930","tariq.nawaz7954@yahoo.com","2024-02-21 00:00:00"
"Kamran Baig","O-Level","Saddar","0312-1237370","faisal.latif9356@outlook.com","2024-12-28 00:00:00"
"Tariq Ahmed","Grade 6","Pajagi Road","0312-3118618","arslaan.farooq6670@yahoo.com","2024-11-22 00:00:00"
"Nadia Rehman","Grade 6","Charsadda Road","0312-8875173","usman.nawaz7063@hotmail.com","2024-09-02 00:00:00"
"Uzma Chaudhry","Grade 6","Tehkal","0333-2914064","aleena.ansari888@gmail.com","2025-02-24 00:00:00"
"Asif Farooq","Grade 7","Charsadda Road","0300-3545556","asif.zafar5560@gmail.com","2024-03-17 00:00:00"
"Zara Baig","Grade 7","Pajagi Road","0331-4786401","bilal.siddiqui8787@outlook.com","2025-02-01 00:00:00"
"Bushra Latif","Matric","Tehkal","0331-6123430","raza.chaudhry4564@outlook.com","2024-10-18 00:00:00"
"Adnan Zafar","Grade 7","Nauthia","0311-4540415","saad.latif1236@outlook.com","2024-05-15 00:00:00"
"Hamza Baig","Grade 8","Pajagi Road","0301-3626181","ahmed.hussain8857@gmail.com","2024-01-02 00:00:00"
"Bushra Nasir","FSc","Kohat Road","0312-1547605","taha.mehmood3873@yahoo.com","2024-04-28 00:00:00"
"Rida Akhtar","Matric","University Town","0311-5438490","iqra.farooq3503@outlook.com","2025-02-07 00:00:00"
"Raza Malik","Inter","Gulbahar","0303-5456573","hamza.hashmi36@outlook.com","2025-02-27 00:00:00"
"Ali Ahmed","Grade 8","Nauthia","0312-5842082","fariha.saleem7455@hotmail.com","2024-08-12 00:00:00"
"Fahad Nasir","Grade 10","Chamkani","0331-5567533","rida.zafar9106@outlook.com","2024-09-13 00:00:00"
"Bushra Ali","FSc","Hayatabad","0331-6407658","bilal.akhtar3567@gmail.com","2024-11-05 00:00:00"
"Fatima Ali","Grade 9","Peshawar Cantt","0300-5521644","faisal.butt937@gmail.com","2024-10-22 00:00:00"
"Qasim Mehmood","Grade 8","Kohat Road","0345-8419378","sidra.latif8702@yahoo.com","2025-04-14 00:00:00"
"Hina Rana","A-Level","Peshawar Cantt","0333-2530793","junaid.ali3045@gmail.com","2024-08-28 00:00:00"
"Aleena Butt","O-Level","Peshawar Cantt","0301-3698193","rehan.rehman3854@outlook.com","2024-06-17 00:00:00"
"Rida Farooq","Grade 10","Peshawar Cantt","0331-1615675","omer.rana4034@gmail.com","2024-08-20 00:00:00"
"Sohail Shah","O-Level","University Town","0331-9633492","raza.nawaz9563@hotmail.com","2025-02-26 00:00:00"
"Rehan Rehman","Inter","Kohat Road","0331-1909393","amna.nawaz5148@yahoo.com","2024-04-06 00:00:00"
"Zainab Mehmood","Matric","Peshawar Cantt","0333-1865901","noor.qureshi4916@outlook.com","2024-04-14 00:00:00"
"Maham Qureshi","Grade 10","Kohat Road","0333-3037191","fariha.mehmood1189@gmail.com","2024-01-15 00:00:00"
"Zain Chaudhry","Grade 10","Pajagi Road","0300-7844947","zainab.rana1639@gmail.com","2024-02-17 00:00:00"
"Daniyal Latif","Grade 7","Kohat Road","0301-3583206","junaid.shah2171@hotmail.com","2024-09-12 00:00:00"
"Sidra Nasir","Grade 10","Dalazak Road","0333-8922533","omer.baig6055@hotmail.com","2024-05-04 00:00:00"
"Maham Qureshi","A-Level","Gulbahar","0345-3290229","fahad.gul8901@hotmail.com","2025-03-18 00:00:00"
"Tariq Mehmood","A-Level","Warsak Road","0345-5482413","rehan.gul9087@hotmail.com","2025-02-24 00:00:00"
"Kamran Zafar","Grade 10","Faqirabad","0333-3493017","omer.qureshi4334@gmail.com","2024-08-16 00:00:00"
"Saima Butt","Inter","Nauthia","0345-7328534","faisal.javed2547@hotmail.com","2024-08-21 00:00:00"
"Huma Siddiqui","Grade 9","Charsadda Road","0331-4918527","zainab.siddiqui5618@yahoo.com","2025-03-14 00:00:00"
"Aisha Butt","Matric","Chamkani","0331-7477326","sidra.farooq4115@gmail.com","2024-12-05 00:00:00"
"Omar Ahmed","Grade 8","Pajagi Road","0321-2683838","noman.rizvi4534@gmail.com","2025-03-23 00:00:00"
"Nadia Abbasi","Matric","Hayatabad","0303-7878299","sohail.mehmood2144@hotmail.com","2025-03-21 00:00:00"
"Ali Farooq","Grade 10","Warsak Road","0331-2347467","faisal.ansari9039@outlook.com","2025-03-12 00:00:00"
"Huma Nawaz","Inter","Dalazak Road","0321-9186400","usman.ali2443@gmail.com","2025-03-22 00:00:00"
"Adnan Ali","Grade 9","Peshawar Cantt","0312-4816586","hafsa.javed2427@outlook.com","2025-01-17 00:00:00"
"Raza Malik","FA","Chamkani","0301-8443690","ahmed.akhtar5975@gmail.com","2024-03-26 00:00:00"
"Shazia Khan","Grade 6","Warsak Road","0300-5921894","amna.nawaz4089@gmail.com","2024-07-02 00:00:00"
"Aleena Qureshi","Grade 9","Pajagi Road","0331-4020853","tooba.javed6659@yahoo.com","2024-03-28 00:00:00"
"Ali Sheikh","A-Level","Charsadda Road","0311-9349470","saad.chaudhry2901@outlook.com","2025-04-12 00:00:00"
"Zubair Ansari","FA","Tehkal","0333-5283671","hamza.zafar5443@outlook.com","2024-12-07 00:00:00"
"Omer Saleem","Matric","Shahi Bagh","0312-3650391","tariq.chaudhry1772@outlook.com","2024-02-07 00:00:00"
"Saima Rana","Grade 10","Peshawar Cantt","0331-5195951","saad.farooq3645@yahoo.com","2024-08-21 00:00:00"
"Amna Hashmi","Matric","University Town","0311-7398231","saima.akhtar3729@yahoo.com","2024-10-19 00:00:00"
"Hafsa Akhtar","Grade 10","Hayatabad","0331-5605016","rehan.siddiqui6529@hotmail.com","2024-01-05 00:00:00"
"Taha Sheikh","Matric","Faqirabad","0312-4860745","huma.ali4574@hotmail.com","2024-11-06 00:00:00"
"Maryam Hussain","Grade 9","Charsadda Road","0312-3294774","sobia.gul8786@hotmail.com","2024-11-17 00:00:00"
"Omer Hussain","FA","Hayatabad","0312-8395785","usman.aslam4280@yahoo.com","2024-01-18 00:00:00"
"Mehwish Qureshi","Grade 7","Shahi Bagh","0312-6481437","aisha.malik9775@outlook.com","2025-01-17 00:00:00"
"Hina Siddiqui","Grade 8","Nauthia","0345-7138070","mehwish.saleem5140@outlook.com","2024-09-28 00:00:00"
"Anum Chaudhry","Grade 10","Shahi Bagh","0333-5951651","asif.aslam9447@yahoo.com","2025-01-17 00:00:00"
"Kinza Malik","Matric","University Town","0303-4785186","aisha.nasir7145@gmail.com","2025-03-16 00:00:00"
"Huma Saleem","Inter","Warsak Road","0301-7619862","imran.rizvi1147@hotmail.com","2024-01-08 00:00:00"
"Maham Malik","Matric","Warsak Road","0312-7392547","sobia.rehman2042@hotmail.com","2025-02-25 00:00:00"
"Nadia Nawaz","Grade 9","Kohat Road","0300-6503032","sobia.rizvi5345@outlook.com","2025-04-13 00:00:00"
