"full_name","qualification","area","phone","email","hourly_rate","is_available","created_at"
"Rabia Zafar","MSc Zoology","Faqirabad","0303-6592886","noman.ali7607@edu.pk","750","1","2023-10-23 00:00:00"
"Sumera Hussain","BBA","Saddar","0301-6193922","nadia.qureshi743@gmail.com","1700","1","2024-05-02 00:00:00"
"Rehan Nasir","BSc Chemistry","University Town","0331-9531021","iqra.malik1593@yahoo.com","1650","0","2024-04-12 00:00:00"
"Bilal Butt","MSc Physics","Gulbahar","0311-3307963","asif.ansari6079@hotmail.com","950","0","2023-09-12 00:00:00"
"Rehan Butt","MSc Zoology","Saddar","0331-3587931","omer.rizvi1623@hotmail.com","1000","0","2025-03-01 00:00:00"
"Faisal Ansari","BSc Physics","Dalazak Road","0321-4985095","rabia.ahmed6071@yahoo.com","1900","1","2024-09-02 00:00:00"
"Waqas Baig","MCom","Nauthia","0333-4255051","bushra.baig5943@gmail.com","1650","1","2025-01-05 00:00:00"
"Bushra Mehmood","MCom","Nauthia","0331-9437374","maham.aslam5877@gmail.com","1800","1","2023-12-22 00:00:00"
"Saad Shah","BSc Physics","Peshawar Cantt","0333-7227905","rabia.siddiqui2002@hotmail.com","800","1","2024-11-10 00:00:00"
"Kamran Ali","PhD Chemistry","Tehkal","0333-9612629","rehan.siddiqui9784@gmail.com","950","1","2023-09-02 00:00:00"
"Daniyal Ansari","MSc Statistics","Shahi Bagh","0300-7960815","arslaan.butt3991@yahoo.com","650","1","2024-06-17 00:00:00"
"Asif Ali","MSc Statistics","Gulbahar","0300-6346644","ali.gul9081@yahoo.com","800","1","2025-03-27 00:00:00"
"Kinza Qureshi","BEd","Hayatabad","0312-8926478","daniyal.rehman3818@edu.pk","900","1","2024-09-23 00:00:00"
"Zainab Khan","MBA","Hayatabad","0312-4618086","arslaan.aslam9765@gmail.com","950","1","2025-02-13 00:00:00"
"Nadia Mehmood","MCom","Gulbahar","0312-3044276","huma.qureshi2130@edu.pk","650","1","2025-03-16 00:00:00"
"Zara Malik","MSc Physics","Charsadda Road","0345-1275739","usman.nawaz423@yahoo.com","1250","1","2024-03-25 00:00:00"
"Fatima Sheikh","MSc Statistics","Gulbahar","0331-4142605","imran.saleem3899@edu.pk","750","1","2024-06-04 00:00:00"
"Junaid Javed","BSc Chemistry","Nauthia","0345-1341153","hamza.shah859@yahoo.com","1700","1","2023-07-15 00:00:00"
"Saima Shah","MSc Mathematics","Warsak Road","0301-6784825","sidra.malik1042@hotmail.com","1250","1","2025-03-05 00:00:00"
"Qasim Rana","MA Urdu","Saddar","0300-6910597","tooba.mirza8409@gmail.com","1550","1","2023-11-27 00:00:00"
"Rida Farooq","PhD Chemistry","Nauthia","0303-2058651","sidra.baig711@edu.pk","1950","0","2023-12-24 00:00:00"
"Arslaan Siddiqui","BSc Physics","Warsak Road","0312-9646701","laila.khan997@hotmail.com","1750","1","2024-12-08 00:00:00"
"Rabia Ahmed","MSc Biology","Tehkal","0321-1802018","aleena.nawaz1769@hotmail.com","1550","1","2024-06-11 00:00:00"
"Shazia Hashmi","MA Islamic Studies","Shahi Bagh","0331-6688090","zara.aslam1324@edu.pk","1050","1","2024-10-22 00:00:00"
"Fariha Saleem","BSc Chemistry","Tehkal","0301-8121922","ali.qureshi4506@edu.pk","750","1","2023-12-02 00:00:00"
"Uzma Malik","MBA","Warsak Road","0312-6142147","zainab.abbasi4832@hotmail.com","1900","1","2024-08-10 00:00:00"
"Zain Ansari","MSc Statistics","Kohat Road","0300-6914963","nadia.saleem1875@yahoo.com","1850","1","2023-07-29 00:00:00"
"Rehan Hussain","BBA","Warsak Road","0345-3684131","bushra.aslam3744@hotmail.com","550","0","2025-02-12 00:00:00"
"Aisha Qureshi","MBA","Gulbahar","0321-7075878","anum.ansari6533@hotmail.com","1700","1","2023-07-04 00:00:00"
"Rehan Ansari","MSc Statistics","Warsak Road","0333-2289923","sohail.rizvi5121@edu.pk","900","1","2024-07-12 00:00:00"
"Laila Shah","BA English Literature","University Town","0300-4121368","sana.nawaz7771@gmail.com","2050","1","2024-12-27 00:00:00"
"Tariq Mehmood","MSc Economics","Chamkani","0333-4599894","daniyal.ali1528@hotmail.com","1400","1","2024-10-15 00:00:00"
"Usman Qureshi","MBA","Kohat Road","0303-8467726","faisal.zafar6106@yahoo.com","750","1","2024-04-23 00:00:00"
"Rida Ali","PhD Mathematics","Pajagi Road","0312-6032437","shahid.javed9203@edu.pk","1000","1","2025-03-15 00:00:00"
"Arslaan Mirza","BSc Chemistry","Gulbahar","0301-4371891","raza.mirza6930@gmail.com","900","1","2024-10-18 00:00:00"
"Imran Javed","MA English","Warsak Road","0333-3177199","zainab.akhtar5762@gmail.com","750","0","2024-07-12 00:00:00"
"Sidra Rizvi","MSc Chemistry","Faqirabad","0301-3102634","hassan.nawaz7901@yahoo.com","1500","1","2024-09-03 00:00:00"
"Sobia Abbasi","MSc Statistics","Saddar","0345-4052834","imran.rehman9114@edu.pk","900","1","2023-07-27 00:00:00"
"Junaid Qureshi","MCom","Saddar","0303-6413349","qasim.shah9407@yahoo.com","1200","1","2024-11-13 00:00:00"
"Huma Ali","MSc Economics","Gulbahar","0345-5604524","huma.javed9122@gmail.com","900","1","2025-02-19 00:00:00"
"Junaid Hussain","PhD Chemistry","Charsadda Road","0303-3872269","fatima.chaudhry4478@edu.pk","1550","1","2024-12-29 00:00:00"
"Daniyal Rehman","MSc Mathematics","University Town","0300-5440189","saima.khan2973@yahoo.com","1150","1","2024-07-31 00:00:00"
"Omar Aslam","PhD Mathematics","Tehkal","0312-9102469","zara.qureshi503@gmail.com","1250","1","2024-07-20 00:00:00"
"Bushra Ali","BSc Physics","Saddar","0333-7972975","asif.rizvi7433@edu.pk","2000","1","2024-05-14 00:00:00"
"Sohail Rehman","MA Urdu","Chamkani","0321-7689354","imran.akhtar5315@gmail.com","900","1","2024-11-09 00:00:00"
"Sohail Baig","MA Islamic Studies","University Town","0312-8542969","hassan.chaudhry816@gmail.com","1250","0","2023-07-22 00:00:00"
"Noor Rehman","MSc Zoology","Dalazak Road","0311-3679315","bushra.nawaz6948@hotmail.com","1500","1","2024-04-16 00:00:00"
"Qasim Chaudhry","MSc Physics","Pajagi Road","0333-9367799","aleena.shah3532@gmail.com","1450","1","2023-09-01 00:00:00"
"Sidra Ansari","BA English Literature","Gulbahar","0321-1816348","aleena.malik4641@hotmail.com","650","1","2025-02-01 00:00:00"
"Sumera Javed","MSc Mathematics","Faqirabad","0301-8229768","aisha.baig6476@gmail.com","900","1","2024-06-09 00:00:00"
"Saima Ahmed","BBA","Hayatabad","0345-4265774","bilal.akhtar3461@yahoo.com","1650","1","2023-08-15 00:00:00"
"Sidra Ansari","PhD Mathematics","Tehkal","0301-3158613","sumera.butt1966@gmail.com","800","1","2024-05-13 00:00:00"
"Tooba Qureshi","MSc Biology","Charsadda Road","0345-7734157","mehwish.rizvi2879@yahoo.com","600","0","2023-10-19 00:00:00"
"Kinza Farooq","BSc Chemistry","Kohat Road","0303-9648751","maham.nasir3771@edu.pk","900","1","2025-02-17 00:00:00"
"Hina Hashmi","MSc Zoology","Chamkani","0312-6643410","asif.rehman694@hotmail.com","2050","1","2024-04-02 00:00:00"
"Anum Khan","MSc Statistics","Warsak Road","0301-7988386","fahad.latif1276@edu.pk","1450","1","2025-03-06 00:00:00"
"Adnan Farooq","MSc Economics","Peshawar Cantt","0311-1861596","hafsa.hashmi6844@edu.pk","2000","0","2025-03-06 00:00:00"
"Sana Gul","BA English Literature","Hayatabad","0301-4200829","asif.khan5322@yahoo.com","550","1","2024-08-02 00:00:00"
"Raza Nasir","MSc Biology","Dalazak Road","0345-8912226","anum.nasir5929@gmail.com","650","1","2024-11-13 00:00:00"
"Waqas Butt","MSc Physics","Pajagi Road","0331-6263895","huma.malik3987@hotmail.com","1050","1","2024-11-27 00:00:00"
"Maham Mirza","MSc Economics","Charsadda Road","0333-4225657","sidra.ali6485@edu.pk","1250","1","2024-04-01 00:00:00"
"Kamran Mehmood","MCom","Chamkani","0311-9204110","maryam.butt2755@gmail.com","1500","1","2024-12-25 00:00:00"
"Sumera Malik","MA English","Peshawar Cantt","0345-7370211","junaid.abbasi3177@edu.pk","1750","1","2023-10-28 00:00:00"
"Aisha Akhtar","MBA","Warsak Road","0333-5302415","mehwish.gul2420@yahoo.com","2000","1","2024-12-03 00:00:00"
"Fariha Javed","MSc Economics","Saddar","0301-5014486","hassan.shah3233@yahoo.com","1250","0","2024-11-25 00:00:00"
"Noman Baig","BSc Physics","University Town","0331-6541407","qasim.mehmood1235@yahoo.com","2000","0","2023-10-19 00:00:00"
"Waqas Latif","PhD Chemistry","Dalazak Road","0333-9010256","bushra.mehmood9237@hotmail.com","1100","1","2024-03-21 00:00:00"
"Sumera Hussain","BSc Physics","Shahi Bagh","0301-4896008","huma.hussain5180@yahoo.com","600","1","2023-11-27 00:00:00"
"Shazia Gul","PhD Chemistry","Shahi Bagh","0300-7660463","zara.farooq7246@edu.pk","2050","0","2024-03-23 00:00:00"
"Muhammad Akhtar","MA English","Charsadda Road","0301-6621073","hafsa.ahmed5767@gmail.com","1400","1","2025-03-18 00:00:00"
"Shazia Qureshi","BSc Chemistry","Kohat Road","0312-4234838","bushra.ansari617@gmail.com","850","1","2024-09-12 00:00:00"
"Rida Chaudhry","MSc Mathematics","Chamkani","0321-5949685","anum.akhtar1258@gmail.com","1100","0","2025-03-16 00:00:00"
"Anum Rizvi","BSc Chemistry","Warsak Road","0301-7724865","bushra.rana9082@gmail.com","800","0","2023-10-22 00:00:00"
"Uzma Latif","BA English Literature","Hayatabad","0312-7435310","fariha.saleem9367@yahoo.com","1250","1","2024-02-29 00:00:00"
"Sumera Rana","MA English","Hayatabad","0312-7032283","zainab.farooq8215@yahoo.com","1250","0","2023-09-30 00:00:00"
"Sumera Chaudhry","BBA","Peshawar Cantt","0345-6217344","fahad.malik5627@gmail.com","850","1","2024-03-29 00:00:00"
"Zainab Baig","BA English Literature","Saddar","0333-3570027","ahmed.baig7173@hotmail.com","1950","1","2025-02-10 00:00:00"
"Aleena Nasir","PhD Mathematics","Shahi Bagh","0333-4664338","imran.mirza4635@hotmail.com","1250","1","2025-01-31 00:00:00"
"Junaid Ansari","BSc Chemistry","Chamkani","0321-2310346","tooba.butt9796@gmail.com","850","0","2024-12-12 00:00:00"
"Shahid Javed","BEd","Saddar","0321-9729882","zara.butt1549@hotmail.com","1900","0","2023-12-28 00:00:00"
